Subject,AssignmentId,WorkTimeInSeconds,Adjective,Quantifier,Order,Probe,AdjRating,Prior,Posterior
56,61,81,tall,Every,BHE,B,15,56,50
56,61,81,tall,Every,BHE,H,96,58,100
56,61,81,tall,Every,BHE,E,100,56,100
177,202,80,tall,Every,BEH,B,36,60,61
177,202,80,tall,Every,BEH,E,82,60,87
177,202,80,tall,Every,BEH,H,99,48,95
183,341,381,tall,Every,HBE,H,100,21,100
183,341,381,tall,Every,HBE,B,17,73,11
183,341,381,tall,Every,HBE,E,45,42,65
254,311,34,tall,Every,EHB,E,67,69,66
254,311,34,tall,Every,EHB,H,82,81,74
254,311,34,tall,Every,EHB,B,89,87,75
262,56,54,tall,Every,EHB,E,100,67,87
262,56,54,tall,Every,EHB,H,100,57,82
262,56,54,tall,Every,EHB,B,11,100,38
317,17,54,tall,Every,HEB,H,100,50,100
317,17,54,tall,Every,HEB,E,51,50,50
317,17,54,tall,Every,HEB,B,0,50,50
323,60,481,tall,Every,EBH,E,100,27,62
323,60,481,tall,Every,EBH,B,0,65,15
323,60,481,tall,Every,EBH,H,100,36,85
327,192,76,tall,Every,HBE,H,100,50,89
327,192,76,tall,Every,HBE,B,25,61,63
327,192,76,tall,Every,HBE,E,70,59,86
347,282,246,tall,Every,EBH,E,70,64,63
347,282,246,tall,Every,EBH,B,32,75,82
347,282,246,tall,Every,EBH,H,100,55,81
7,54,152,tall,No,BEH,B,32,50,70
7,54,152,tall,No,BEH,E,65,50,10
7,54,152,tall,No,BEH,H,100,50,2
34,412,77,tall,No,HEB,H,100,20,2
34,412,77,tall,No,HEB,E,100,50,16
34,412,77,tall,No,HEB,B,0,73,95
107,204,164,tall,No,HEB,H,100,25,5
107,204,164,tall,No,HEB,E,89,51,4
107,204,164,tall,No,HEB,B,8,73,82
178,406,504,tall,No,HEB,H,100,89,4
178,406,504,tall,No,HEB,E,82,82,8
178,406,504,tall,No,HEB,B,64,66,9
235,362,147,tall,No,BHE,B,0,85,87
235,362,147,tall,No,BHE,H,97,27,0
235,362,147,tall,No,BHE,E,87,60,10
312,231,102,tall,No,BHE,B,27,58,62
312,231,102,tall,No,BHE,H,100,34,0
312,231,102,tall,No,BHE,E,61,50,55
318,251,166,tall,No,HEB,H,86,78,69
318,251,166,tall,No,HEB,E,77,68,83
318,251,166,tall,No,HEB,B,58,87,50
339,40,296,tall,No,EBH,E,87,67,17
339,40,296,tall,No,EBH,B,18,38,100
339,40,296,tall,No,EBH,H,100,83,0
349,213,207,tall,No,EBH,E,97,50,50
349,213,207,tall,No,EBH,B,73,50,50
349,213,207,tall,No,EBH,H,96,50,50
75,93,41,tall,Every,BHF,B,21,55,27
75,93,41,tall,Every,BHF,H,26,39,88
75,93,41,tall,Every,BHF,F,21,47,71
112,371,44,tall,Every,HFB,H,100,50,100
112,371,44,tall,Every,HFB,F,84,50,100
112,371,44,tall,Every,HFB,B,26,50,0
122,70,846,tall,Every,BHF,B,50,52,50
122,70,846,tall,Every,BHF,H,100,50,100
122,70,846,tall,Every,BHF,F,75,50,75
142,87,53,tall,Every,HBF,H,100,48,100
142,87,53,tall,Every,HBF,B,79,48,65
142,87,53,tall,Every,HBF,F,100,45,100
269,222,149,tall,Every,BFH,B,50,50,50
269,222,149,tall,Every,BFH,F,83,66,83
269,222,149,tall,Every,BFH,H,98,88,96
280,20,67,tall,Every,BFH,B,31,50,50
280,20,67,tall,Every,BFH,F,74,50,70
280,20,67,tall,Every,BFH,H,100,50,100
314,99,992,tall,Every,FHB,F,79,15,92
314,99,992,tall,Every,FHB,H,91,13,79
314,99,992,tall,Every,FHB,B,27,82,14
322,413,119,tall,Every,BHF,B,0,100,100
322,413,119,tall,Every,BHF,H,100,100,100
322,413,119,tall,Every,BHF,F,0,100,100
344,9,101,tall,Every,FBH,F,100,74,91
344,9,101,tall,Every,FBH,B,0,82,43
344,9,101,tall,Every,FBH,H,100,58,100
4,240,83,tall,No,BFH,B,50,36,68
4,240,83,tall,No,BFH,F,78,57,29
4,240,83,tall,No,BFH,H,92,73,13
15,316,112,tall,No,HFB,H,100,77,4
15,316,112,tall,No,HFB,F,81,84,19
15,316,112,tall,No,HFB,B,17,91,96
79,339,252,tall,No,HBF,H,100,18,50
79,339,252,tall,No,HBF,B,50,39,88
79,339,252,tall,No,HBF,F,50,14,50
88,253,231,tall,No,FBH,F,85,80,74
88,253,231,tall,No,FBH,B,60,60,50
88,253,231,tall,No,FBH,H,100,89,78
145,77,72,tall,No,HFB,H,100,42,0
145,77,72,tall,No,HFB,F,79,62,18
145,77,72,tall,No,HFB,B,14,76,78
207,379,97,tall,No,FHB,F,80,69,28
207,379,97,tall,No,FHB,H,97,83,25
207,379,97,tall,No,FHB,B,39,61,72
213,33,177,tall,No,HFB,H,97,36,8
213,33,177,tall,No,HFB,F,83,56,15
213,33,177,tall,No,HFB,B,33,79,89
270,178,106,tall,No,HBF,H,100,31,1
270,178,106,tall,No,HBF,B,31,83,64
270,178,106,tall,No,HBF,F,68,58,44
376,280,436,tall,No,FHB,F,35,50,50
376,280,436,tall,No,FHB,H,100,50,0
376,280,436,tall,No,FHB,B,0,50,50
1,22,87,powerful,Every,HBD,H,100,76,100
1,22,87,powerful,Every,HBD,B,18,10,6
1,22,87,powerful,Every,HBD,D,32,35,34
46,42,59,powerful,Every,BDH,B,20,80,18
46,42,59,powerful,Every,BDH,D,20,82,17
46,42,59,powerful,Every,BDH,H,99,78,83
69,130,1025,powerful,Every,DHB,D,29,58,55
69,130,1025,powerful,Every,DHB,H,100,79,100
69,130,1025,powerful,Every,DHB,B,0,39,24
100,15,82,powerful,Every,BHD,B,0,0,0
100,15,82,powerful,Every,BHD,H,100,100,100
100,15,82,powerful,Every,BHD,D,100,100,100
175,403,474,powerful,Every,HBD,H,82,88,85
175,403,474,powerful,Every,HBD,B,90,80,74
175,403,474,powerful,Every,HBD,D,83,86,92
243,313,110,powerful,Every,BHD,B,0,0,50
243,313,110,powerful,Every,BHD,H,100,100,50
243,313,110,powerful,Every,BHD,D,14,46,50
262,95,74,powerful,Every,DHB,D,77,36,66
262,95,74,powerful,Every,DHB,H,100,71,85
262,95,74,powerful,Every,DHB,B,12,0,0
273,305,69,powerful,Every,HBD,H,95,67,94
273,305,69,powerful,Every,HBD,B,17,10,10
273,305,69,powerful,Every,HBD,D,59,50,84
349,124,239,powerful,Every,HBD,H,94,93,50
349,124,239,powerful,Every,HBD,B,82,93,50
349,124,239,powerful,Every,HBD,D,95,68,50
40,145,140,powerful,No,BDH,B,19,19,50
40,145,140,powerful,No,BDH,D,68,63,39
40,145,140,powerful,No,BDH,H,100,98,4
63,227,157,powerful,No,HDB,H,100,100,0
63,227,157,powerful,No,HDB,D,16,65,100
63,227,157,powerful,No,HDB,B,0,35,77
76,107,265,powerful,No,BDH,B,8,50,50
76,107,265,powerful,No,BDH,D,50,50,50
76,107,265,powerful,No,BDH,H,99,3,1
129,173,396,powerful,No,HDB,H,91,81,26
129,173,396,powerful,No,HDB,D,48,62,42
129,173,396,powerful,No,HDB,B,21,29,61
135,229,176,powerful,No,DBH,D,71,68,29
135,229,176,powerful,No,DBH,B,57,50,90
135,229,176,powerful,No,DBH,H,100,78,13
164,74,84,powerful,No,BDH,B,0,73,100
164,74,84,powerful,No,BDH,D,15,100,74
164,74,84,powerful,No,BDH,H,100,62,0
172,115,131,powerful,No,DHB,D,55,50,50
172,115,131,powerful,No,DHB,H,100,88,0
172,115,131,powerful,No,DHB,B,10,27,50
212,395,64,powerful,No,DBH,D,73,51,27
212,395,64,powerful,No,DBH,B,0,21,100
212,395,64,powerful,No,DBH,H,100,100,0
253,83,1134,powerful,No,BHD,B,25,32,54
253,83,1134,powerful,No,BHD,H,100,87,8
253,83,1134,powerful,No,BHD,D,79,58,14
27,291,130,powerful,Every,EBH,E,52,91,50
27,291,130,powerful,Every,EBH,B,39,45,50
27,291,130,powerful,Every,EBH,H,100,97,50
75,243,192,powerful,Every,BHE,B,21,21,19
75,243,192,powerful,Every,BHE,H,95,87,97
75,243,192,powerful,Every,BHE,E,66,62,94
137,268,612,powerful,Every,EHB,E,75,76,77
137,268,612,powerful,Every,EHB,H,100,88,87
137,268,612,powerful,Every,EHB,B,26,34,26
165,206,93,powerful,Every,BEH,B,77,60,55
165,206,93,powerful,Every,BEH,E,67,38,69
165,206,93,powerful,Every,BEH,H,86,86,79
234,286,124,powerful,Every,HBE,H,99,35,100
234,286,124,powerful,Every,HBE,B,1,80,0
234,286,124,powerful,Every,HBE,E,74,54,100
276,353,104,powerful,Every,EBH,E,76,100,87
276,353,104,powerful,Every,EBH,B,25,35,0
276,353,104,powerful,Every,EBH,H,100,100,100
346,358,660,powerful,Every,EHB,E,67,55,79
346,358,660,powerful,Every,EHB,H,87,96,92
346,358,660,powerful,Every,EHB,B,30,42,20
383,89,77,powerful,Every,EBH,E,44,70,74
383,89,77,powerful,Every,EBH,B,22,20,21
383,89,77,powerful,Every,EBH,H,99,100,100
28,382,59,powerful,No,HBE,H,92,89,17
28,382,59,powerful,No,HBE,B,18,23,63
28,382,59,powerful,No,HBE,E,63,66,37
50,165,101,powerful,No,EBH,E,70,59,55
50,165,101,powerful,No,EBH,B,36,39,47
50,165,101,powerful,No,EBH,H,100,65,0
92,279,74,powerful,No,BHE,B,80,72,66
92,279,74,powerful,No,BHE,H,79,87,85
92,279,74,powerful,No,BHE,E,23,59,33
97,125,45,powerful,No,HBE,H,65,69,72
97,125,45,powerful,No,HBE,B,68,28,23
97,125,45,powerful,No,HBE,E,22,67,78
99,312,183,powerful,No,EBH,E,100,82,0
99,312,183,powerful,No,EBH,B,3,30,65
99,312,183,powerful,No,EBH,H,100,100,0
188,104,89,powerful,No,EHB,E,68,60,25
188,104,89,powerful,No,EHB,H,91,72,12
188,104,89,powerful,No,EHB,B,25,35,88
200,383,71,powerful,No,EHB,E,25,73,58
200,383,71,powerful,No,EHB,H,95,78,11
200,383,71,powerful,No,EHB,B,11,29,43
244,274,102,powerful,No,HBE,H,100,98,0
244,274,102,powerful,No,HBE,B,0,0,0
244,274,102,powerful,No,HBE,E,100,100,0
39,163,109,young,Every,HBD,H,0,0,0
39,163,109,young,Every,HBD,B,80,0,85
39,163,109,young,Every,HBD,D,45,0,16
93,59,170,young,Every,HDB,H,16,26,1
93,59,170,young,Every,HDB,D,75,25,100
93,59,170,young,Every,HDB,B,86,25,98
98,170,715,young,Every,BDH,B,100,65,91
98,170,715,young,Every,BDH,D,59,36,60
98,170,715,young,Every,BDH,H,0,36,38
111,138,151,young,Every,HDB,H,58,50,50
111,138,151,young,Every,HDB,D,75,50,75
111,138,151,young,Every,HDB,B,73,60,76
124,289,1031,young,Every,BDH,B,71,77,100
124,289,1031,young,Every,BDH,D,39,27,71
124,289,1031,young,Every,BDH,H,6,13,12
162,336,41,young,Every,BHD,B,98,68,81
162,336,41,young,Every,BHD,H,4,29,35
162,336,41,young,Every,BHD,D,50,50,63
185,189,446,young,Every,DBH,D,86,85,80
185,189,446,young,Every,DBH,B,91,27,26
185,189,446,young,Every,DBH,H,26,69,70
209,78,135,young,Every,DBH,D,58,70,69
209,78,135,young,Every,DBH,B,92,19,7
209,78,135,young,Every,DBH,H,0,3,1
349,267,162,young,Every,BHD,B,87,81,50
349,267,162,young,Every,BHD,H,93,87,50
349,267,162,young,Every,BHD,D,82,97,50
21,288,313,young,No,BHD,B,74,30,0
21,288,313,young,No,BHD,H,0,25,71
21,288,313,young,No,BHD,D,50,22,25
45,197,857,young,No,DBH,D,53,5,0
45,197,857,young,No,DBH,B,68,4,0
45,197,857,young,No,DBH,H,19,5,30
64,198,88,young,No,DHB,D,75,49,0
64,198,88,young,No,DHB,H,17,49,72
64,198,88,young,No,DHB,B,88,50,0
75,122,360,young,No,HBD,H,18,17,83
75,122,360,young,No,HBD,B,76,14,17
75,122,360,young,No,HBD,D,60,14,38
85,26,89,young,No,DBH,D,33,49,58
85,26,89,young,No,DBH,B,45,49,83
85,26,89,young,No,DBH,H,11,48,49
221,156,130,young,No,BHD,B,49,64,0
221,156,130,young,No,BHD,H,73,26,100
221,156,130,young,No,BHD,D,21,43,100
229,199,128,young,No,DHB,D,100,0,0
229,199,128,young,No,DHB,H,0,0,100
229,199,128,young,No,DHB,B,100,0,0
258,381,161,young,No,DBH,D,65,33,0
258,381,161,young,No,DBH,B,88,19,0
258,381,161,young,No,DBH,H,49,54,49
357,28,157,young,No,BDH,B,100,0,50
357,28,157,young,No,BDH,D,60,46,50
357,28,157,young,No,BDH,H,0,66,50
16,310,116,young,Every,HEB,H,5,11,0
16,310,116,young,Every,HEB,E,42,8,3
16,310,116,young,Every,HEB,B,100,10,96
19,82,106,young,Every,EBH,E,42,28,24
19,82,106,young,Every,EBH,B,79,29,86
19,82,106,young,Every,EBH,H,8,29,10
122,76,94,young,Every,EBH,E,50,26,50
122,76,94,young,Every,EBH,B,86,25,76
122,76,94,young,Every,EBH,H,21,23,24
170,45,170,young,Every,BEH,B,100,83,95
170,45,170,young,Every,BEH,E,67,50,69
170,45,170,young,Every,BEH,H,25,50,31
259,411,381,young,Every,EBH,E,59,29,50
259,411,381,young,Every,EBH,B,78,70,76
259,411,381,young,Every,EBH,H,13,41,16
334,334,115,young,Every,HBE,H,1,50,49
334,334,115,young,Every,HBE,B,72,47,48
334,334,115,young,Every,HBE,E,48,45,48
355,239,240,young,Every,HBE,H,0,12,10
355,239,240,young,Every,HBE,B,70,84,100
355,239,240,young,Every,HBE,E,26,35,19
11,225,170,young,No,EBH,E,79,37,6
11,225,170,young,No,EBH,B,100,16,0
11,225,170,young,No,EBH,H,52,50,45
152,241,52,young,No,EBH,E,42,16,4
152,241,52,young,No,EBH,B,61,7,3
152,241,52,young,No,EBH,H,7,3,20
199,108,118,young,No,EHB,E,40,27,34
199,108,118,young,No,EHB,H,18,61,20
199,108,118,young,No,EHB,B,69,17,65
210,319,77,young,No,HEB,H,10,13,42
210,319,77,young,No,HEB,E,30,9,29
210,319,77,young,No,HEB,B,80,9,17
263,11,496,young,No,EHB,E,50,70,79
263,11,496,young,No,EHB,H,81,39,39
263,11,496,young,No,EHB,B,33,90,87
321,329,234,young,No,EBH,E,35,11,13
321,329,234,young,No,EBH,B,74,13,5
321,329,234,young,No,EBH,H,0,13,15
360,175,312,young,No,EBH,E,68,63,50
360,175,312,young,No,EBH,B,38,29,50
360,175,312,young,No,EBH,H,66,77,50
365,407,98,young,No,EBH,E,20,0,63
365,407,98,young,No,EBH,B,51,100,0
365,407,98,young,No,EBH,H,0,0,100
6,185,558,hot,Every,BHD,B,93,100,78
6,185,558,hot,Every,BHD,H,100,3,100
6,185,558,hot,Every,BHD,D,100,97,100
33,245,84,hot,Every,BHD,B,62,85,22
33,245,84,hot,Every,BHD,H,100,86,100
33,245,84,hot,Every,BHD,D,67,61,72
75,63,285,hot,Every,HDB,H,98,67,100
75,63,285,hot,Every,HDB,D,71,72,72
75,63,285,hot,Every,HDB,B,42,60,29
101,365,73,hot,Every,DBH,D,90,66,86
101,365,73,hot,Every,DBH,B,61,61,50
101,365,73,hot,Every,DBH,H,100,19,100
136,32,105,hot,Every,BHD,B,27,100,70
136,32,105,hot,Every,BHD,H,100,0,85
136,32,105,hot,Every,BHD,D,86,100,71
252,331,65,hot,Every,DBH,D,73,66,91
252,331,65,hot,Every,DBH,B,35,65,47
252,331,65,hot,Every,DBH,H,100,64,100
271,376,552,hot,Every,DHB,D,79,77,86
271,376,552,hot,Every,DHB,H,73,95,100
271,376,552,hot,Every,DHB,B,71,52,77
282,126,586,hot,Every,BDH,B,20,50,0
282,126,586,hot,Every,BDH,D,100,50,89
282,126,586,hot,Every,BDH,H,100,50,100
349,386,162,hot,Every,DHB,D,95,86,50
349,386,162,hot,Every,DHB,H,98,94,50
349,386,162,hot,Every,DHB,B,88,77,50
37,153,98,hot,No,BDH,B,5,91,100
37,153,98,hot,No,BDH,D,75,76,48
37,153,98,hot,No,BDH,H,100,12,14
38,284,656,hot,No,HBD,H,73,73,69
38,284,656,hot,No,HBD,B,69,73,77
38,284,656,hot,No,HBD,D,63,77,67
115,109,195,hot,No,HBD,H,100,3,0
115,109,195,hot,No,HBD,B,58,100,85
115,109,195,hot,No,HBD,D,100,100,0
147,86,76,hot,No,BDH,B,67,38,73
147,86,76,hot,No,BDH,D,91,78,60
147,86,76,hot,No,BDH,H,97,12,30
242,141,143,hot,No,HBD,H,97,50,0
242,141,143,hot,No,HBD,B,51,51,31
242,141,143,hot,No,HBD,D,69,53,0
255,324,125,hot,No,HDB,H,100,70,0
255,324,125,hot,No,HDB,D,59,79,36
255,324,125,hot,No,HDB,B,32,30,68
278,246,887,hot,No,DHB,D,83,83,10
278,246,887,hot,No,DHB,H,100,100,0
278,246,887,hot,No,DHB,B,71,73,19
307,415,54,hot,No,HDB,H,100,20,0
307,415,54,hot,No,HDB,D,50,100,79
307,415,54,hot,No,HDB,B,20,50,80
311,123,269,hot,No,BHD,B,41,70,35
311,123,269,hot,No,BHD,H,97,36,99
311,123,269,hot,No,BHD,D,61,76,71
25,400,70,hot,Every,EHB,E,61,72,62
25,400,70,hot,Every,EHB,H,85,41,100
25,400,70,hot,Every,EHB,B,40,80,39
77,303,258,hot,Every,EHB,E,79,67,22
77,303,258,hot,Every,EHB,H,100,34,72
77,303,258,hot,Every,EHB,B,50,70,50
140,388,111,hot,Every,HBE,H,100,16,88
140,388,111,hot,Every,HBE,B,74,86,88
140,388,111,hot,Every,HBE,E,87,83,87
240,391,94,hot,Every,EHB,E,66,90,100
240,391,94,hot,Every,EHB,H,95,77,100
240,391,94,hot,Every,EHB,B,56,91,100
299,64,116,hot,Every,BHE,B,13,30,26
299,64,116,hot,Every,BHE,H,100,84,100
299,64,116,hot,Every,BHE,E,79,90,100
326,405,141,hot,Every,EHB,E,80,50,50
326,405,141,hot,Every,EHB,H,96,50,50
326,405,141,hot,Every,EHB,B,63,50,50
359,219,85,hot,Every,EBH,E,84,74,64
359,219,85,hot,Every,EBH,B,67,60,38
359,219,85,hot,Every,EBH,H,100,99,100
369,232,218,hot,Every,EBH,E,80,54,54
369,232,218,hot,Every,EBH,B,59,75,70
369,232,218,hot,Every,EBH,H,100,27,50
371,152,768,hot,Every,BHE,B,0,24,0
371,152,768,hot,Every,BHE,H,100,24,100
371,152,768,hot,Every,BHE,E,88,25,100
53,57,261,hot,No,HEB,H,100,74,19
53,57,261,hot,No,HEB,E,50,81,39
53,57,261,hot,No,HEB,B,50,87,72
83,244,799,hot,No,HBE,H,100,49,14
83,244,799,hot,No,HBE,B,40,49,76
83,244,799,hot,No,HBE,E,57,50,52
86,333,105,hot,No,EHB,E,87,60,40
86,333,105,hot,No,EHB,H,100,72,92
86,333,105,hot,No,EHB,B,61,63,34
97,275,73,hot,No,EHB,E,88,82,100
97,275,73,hot,No,EHB,H,76,73,77
97,275,73,hot,No,EHB,B,32,30,26
119,13,97,hot,No,BHE,B,82,82,16
119,13,97,hot,No,BHE,H,100,82,5
119,13,97,hot,No,BHE,E,92,81,5
203,151,181,hot,No,EBH,E,82,71,74
203,151,181,hot,No,EBH,B,50,93,5
203,151,181,hot,No,EBH,H,98,20,95
254,38,73,hot,No,BHE,B,75,72,65
254,38,73,hot,No,BHE,H,88,83,79
254,38,73,hot,No,BHE,E,95,89,88
342,277,1172,hot,No,HEB,H,100,0,7
342,277,1172,hot,No,HEB,E,64,87,38
342,277,1172,hot,No,HEB,B,32,100,100
382,146,100,hot,No,HBE,H,100,74,68
382,146,100,hot,No,HBE,B,41,30,50
382,146,100,hot,No,HBE,E,75,53,64
2,368,65,expensive,Every,EBH,E,100,52,100
2,368,65,expensive,Every,EBH,B,71,51,79
2,368,65,expensive,Every,EBH,H,100,51,100
26,344,119,expensive,Every,HEB,H,96,91,100
26,344,119,expensive,Every,HEB,E,99,87,82
26,344,119,expensive,Every,HEB,B,100,95,50
91,207,161,expensive,Every,EHB,E,67,31,61
91,207,161,expensive,Every,EHB,H,100,28,100
91,207,161,expensive,Every,EHB,B,6,26,30
121,142,173,expensive,Every,EHB,E,52,59,50
121,142,173,expensive,Every,EHB,H,77,89,85
121,142,173,expensive,Every,EHB,B,26,27,22
193,397,103,expensive,Every,EHB,E,54,76,74
193,397,103,expensive,Every,EHB,H,68,84,100
193,397,103,expensive,Every,EHB,B,54,81,70
206,114,97,expensive,Every,EBH,E,73,98,50
206,114,97,expensive,Every,EBH,B,21,100,50
206,114,97,expensive,Every,EBH,H,80,33,50
303,55,209,expensive,Every,BEH,B,42,48,47
303,55,209,expensive,Every,BEH,E,73,75,71
303,55,209,expensive,Every,BEH,H,100,100,100
309,3,140,expensive,Every,BHE,B,8,70,70
309,3,140,expensive,Every,BHE,H,100,70,100
309,3,140,expensive,Every,BHE,E,63,70,82
349,97,205,expensive,Every,BEH,B,95,81,50
349,97,205,expensive,Every,BEH,E,89,88,50
349,97,205,expensive,Every,BEH,H,94,95,50
72,263,188,expensive,No,BEH,B,76,80,77
72,263,188,expensive,No,BEH,E,36,23,19
72,263,188,expensive,No,BEH,H,75,75,69
128,133,72,expensive,No,HEB,H,100,50,67
128,133,72,expensive,No,HEB,E,62,50,42
128,133,72,expensive,No,HEB,B,38,49,22
141,259,63,expensive,No,BHE,B,0,50,48
141,259,63,expensive,No,BHE,H,100,52,0
141,259,63,expensive,No,BHE,E,100,48,0
153,43,350,expensive,No,BEH,B,13,17,25
153,43,350,expensive,No,BEH,E,71,73,12
153,43,350,expensive,No,BEH,H,90,96,7
224,136,482,expensive,No,EHB,E,64,74,58
224,136,482,expensive,No,EHB,H,85,100,11
224,136,482,expensive,No,EHB,B,14,36,100
329,272,276,expensive,No,EHB,E,39,86,43
329,272,276,expensive,No,EHB,H,61,91,0
329,272,276,expensive,No,EHB,B,19,44,86
353,72,63,expensive,No,HBE,H,88,50,27
353,72,63,expensive,No,HBE,B,93,50,83
353,72,63,expensive,No,HBE,E,100,50,41
360,176,338,expensive,No,HBE,H,74,35,50
360,176,338,expensive,No,HBE,B,88,29,50
360,176,338,expensive,No,HBE,E,60,38,50
366,364,111,expensive,No,BHE,B,31,69,80
366,364,111,expensive,No,BHE,H,73,63,32
366,364,111,expensive,No,BHE,E,32,67,73
8,408,121,expensive,Every,BFH,B,10,83,79
8,408,121,expensive,Every,BFH,F,71,81,74
8,408,121,expensive,Every,BFH,H,95,50,67
22,132,269,expensive,Every,FHB,F,88,32,82
22,132,269,expensive,Every,FHB,H,100,47,100
22,132,269,expensive,Every,FHB,B,23,35,18
163,14,67,expensive,Every,BFH,B,27,23,23
163,14,67,expensive,Every,BFH,F,83,20,17
163,14,67,expensive,Every,BFH,H,88,20,14
174,345,47,expensive,Every,BHF,B,0,50,8
174,345,47,expensive,Every,BHF,H,100,50,100
174,345,47,expensive,Every,BHF,F,90,50,90
274,92,111,expensive,Every,FHB,F,100,40,100
274,92,111,expensive,Every,FHB,H,100,27,100
274,92,111,expensive,Every,FHB,B,26,69,23
277,315,46,expensive,Every,BHF,B,33,27,24
277,315,46,expensive,Every,BHF,H,86,24,83
277,315,46,expensive,Every,BHF,F,73,20,82
286,252,143,expensive,Every,FBH,F,29,42,38
286,252,143,expensive,Every,FBH,B,0,79,5
286,252,143,expensive,Every,FBH,H,69,28,77
302,328,94,expensive,Every,FBH,F,77,39,71
302,328,94,expensive,Every,FBH,B,22,61,29
302,328,94,expensive,Every,FBH,H,81,49,76
325,346,278,expensive,Every,BHF,B,80,73,65
325,346,278,expensive,Every,BHF,H,67,80,80
325,346,278,expensive,Every,BHF,F,89,64,65
55,260,71,expensive,No,BHF,B,11,47,53
55,260,71,expensive,No,BHF,H,100,54,0
55,260,71,expensive,No,BHF,F,77,53,23
61,6,183,expensive,No,HBF,H,95,71,3
61,6,183,expensive,No,HBF,B,33,98,98
61,6,183,expensive,No,HBF,F,85,69,6
110,343,802,expensive,No,HFB,H,0,100,100
110,343,802,expensive,No,HFB,F,0,100,95
110,343,802,expensive,No,HFB,B,0,100,97
265,299,148,expensive,No,FBH,F,78,49,19
265,299,148,expensive,No,FBH,B,11,49,70
265,299,148,expensive,No,FBH,H,100,48,0
268,12,83,expensive,No,FBH,F,68,63,24
268,12,83,expensive,No,FBH,B,27,55,77
268,12,83,expensive,No,FBH,H,75,64,14
298,113,72,expensive,No,FBH,F,79,54,37
298,113,72,expensive,No,FBH,B,0,55,77
298,113,72,expensive,No,FBH,H,80,55,11
336,417,34,expensive,No,HBF,H,100,73,54
336,417,34,expensive,No,HBF,B,23,96,43
336,417,34,expensive,No,HBF,F,77,71,48
340,65,172,expensive,No,BHF,B,25,84,50
340,65,172,expensive,No,BHF,H,83,86,73
340,65,172,expensive,No,BHF,F,57,88,92
73,226,291,large,Every,BEH,B,5,13,2
73,226,291,large,Every,BEH,E,36,57,92
73,226,291,large,Every,BEH,H,96,92,100
80,94,302,large,Every,EHB,E,38,23,31
80,94,302,large,Every,EHB,H,85,23,90
80,94,302,large,Every,EHB,B,12,23,8
94,172,106,large,Every,BEH,B,7,50,7
94,172,106,large,Every,BEH,E,44,50,60
94,172,106,large,Every,BEH,H,73,50,94
140,293,53,large,Every,HBE,H,100,29,100
140,293,53,large,Every,HBE,B,0,26,100
140,293,53,large,Every,HBE,E,81,27,100
149,301,74,large,Every,EBH,E,100,100,100
149,301,74,large,Every,EBH,B,0,0,0
149,301,74,large,Every,EBH,H,100,100,100
227,18,53,large,Every,BHE,B,29,36,20
227,18,53,large,Every,BHE,H,100,100,100
227,18,53,large,Every,BHE,E,67,70,79
361,359,96,large,Every,HEB,H,100,100,100
361,359,96,large,Every,HEB,E,100,87,79
361,359,96,large,Every,HEB,B,29,29,22
362,128,125,large,Every,BHE,B,7,50,50
362,128,125,large,Every,BHE,H,100,50,50
362,128,125,large,Every,BHE,E,45,50,50
374,37,85,large,Every,HEB,H,100,50,100
374,37,85,large,Every,HEB,E,73,50,71
374,37,85,large,Every,HEB,B,23,50,25
75,101,72,large,No,EBH,E,64,58,29
75,101,72,large,No,EBH,B,26,34,68
75,101,72,large,No,EBH,H,88,73,11
156,140,75,large,No,HBE,H,70,64,0
156,140,75,large,No,HBE,B,11,31,77
156,140,75,large,No,HBE,E,43,21,38
171,347,63,large,No,BHE,B,0,50,93
171,347,63,large,No,BHE,H,100,85,0
171,347,63,large,No,BHE,E,80,62,14
173,169,206,large,No,BEH,B,13,14,19
173,169,206,large,No,BEH,E,59,36,11
173,169,206,large,No,BEH,H,87,62,0
176,414,640,large,No,HBE,H,92,72,17
176,414,640,large,No,HBE,B,16,26,31
176,414,640,large,No,HBE,E,50,50,45
226,118,291,large,No,EBH,E,79,86,50
226,118,291,large,No,EBH,B,66,73,50
226,118,291,large,No,EBH,H,98,88,60
264,292,374,large,No,HEB,H,86,50,50
264,292,374,large,No,HEB,E,50,76,50
264,292,374,large,No,HEB,B,50,50,36
308,321,61,large,No,HBE,H,80,96,50
308,321,61,large,No,HBE,B,100,87,50
308,321,61,large,No,HBE,E,79,79,50
349,300,134,large,No,HBE,H,91,85,50
349,300,134,large,No,HBE,B,97,86,50
349,300,134,large,No,HBE,E,82,52,50
96,380,65,large,Every,FBH,F,40,58,21
96,380,65,large,Every,FBH,B,24,23,40
96,380,65,large,Every,FBH,H,40,70,57
133,285,81,large,Every,BHF,B,10,27,0
133,285,81,large,Every,BHF,H,100,61,100
133,285,81,large,Every,BHF,F,57,43,84
250,51,205,large,Every,BFH,B,18,26,26
250,51,205,large,Every,BFH,F,25,59,61
250,51,205,large,Every,BFH,H,87,91,80
251,278,79,large,Every,HBF,H,78,73,100
251,278,79,large,Every,HBF,B,14,23,58
251,278,79,large,Every,HBF,F,57,33,59
275,168,175,large,Every,HFB,H,98,97,98
275,168,175,large,Every,HFB,F,67,70,74
275,168,175,large,Every,HFB,B,13,14,15
287,52,77,large,Every,FBH,F,22,57,0
287,52,77,large,Every,FBH,B,9,15,72
287,52,77,large,Every,FBH,H,70,100,100
332,160,107,large,Every,FBH,F,1,23,4
332,160,107,large,Every,FBH,B,2,8,4
332,160,107,large,Every,FBH,H,75,68,73
377,49,135,large,Every,FHB,F,67,56,77
377,49,135,large,Every,FHB,H,99,55,93
377,49,135,large,Every,FHB,B,15,33,38
12,360,74,large,No,FHB,F,26,50,50
12,360,74,large,No,FHB,H,50,50,14
12,360,74,large,No,FHB,B,5,50,50
29,410,77,large,No,FHB,F,72,71,17
29,410,77,large,No,FHB,H,100,88,0
29,410,77,large,No,FHB,B,10,37,62
30,401,87,large,No,HFB,H,100,88,0
30,401,87,large,No,HFB,F,80,70,25
30,401,87,large,No,HFB,B,26,30,63
59,100,84,large,No,FHB,F,66,46,15
59,100,84,large,No,FHB,H,100,76,0
59,100,84,large,No,FHB,B,0,17,67
60,73,221,large,No,BHF,B,100,50,73
60,73,221,large,No,BHF,H,100,100,81
60,73,221,large,No,BHF,F,100,50,38
65,374,482,large,No,FHB,F,74,76,5
65,374,482,large,No,FHB,H,100,100,4
65,374,482,large,No,FHB,B,6,19,63
370,396,109,large,No,HFB,H,91,50,7
370,396,109,large,No,HFB,F,62,21,15
370,396,109,large,No,HFB,B,25,14,30
14,295,73,late,Every,HBE,H,82,51,92
14,295,73,late,Every,HBE,B,0,50,14
14,295,73,late,Every,HBE,E,54,50,76
17,306,106,late,Every,BEH,B,0,68,0
17,306,106,late,Every,BEH,E,73,43,62
17,306,106,late,Every,BEH,H,100,10,100
41,194,174,late,Every,HEB,H,88,50,99
41,194,174,late,Every,HEB,E,30,39,33
41,194,174,late,Every,HEB,B,4,32,14
114,399,79,late,Every,HEB,H,95,1,50
114,399,79,late,Every,HEB,E,1,50,50
114,399,79,late,Every,HEB,B,1,50,50
158,308,138,late,Every,EBH,E,35,57,59
158,308,138,late,Every,EBH,B,9,26,50
158,308,138,late,Every,EBH,H,50,88,83
161,158,66,late,Every,EBH,E,13,50,100
161,158,66,late,Every,EBH,B,0,50,0
161,158,66,late,Every,EBH,H,86,20,100
215,84,254,late,Every,EHB,E,68,80,83
215,84,254,late,Every,EHB,H,92,97,99
215,84,254,late,Every,EHB,B,85,60,67
315,398,83,late,Every,HEB,H,2,83,100
315,398,83,late,Every,HEB,E,10,50,58
315,398,83,late,Every,HEB,B,76,57,40
349,110,159,late,Every,HBE,H,93,77,50
349,110,159,late,Every,HBE,B,91,88,50
349,110,159,late,Every,HBE,E,96,99,50
68,402,98,late,No,BHE,B,0,58,70
68,402,98,late,No,BHE,H,100,0,0
68,402,98,late,No,BHE,E,67,37,41
75,190,85,late,No,HEB,H,96,5,7
75,190,85,late,No,HEB,E,76,33,7
75,190,85,late,No,HEB,B,0,78,93
122,119,884,late,No,BEH,B,0,50,50
122,119,884,late,No,BEH,E,100,50,0
122,119,884,late,No,BEH,H,100,50,0
123,351,121,late,No,EBH,E,0,51,68
123,351,121,late,No,EBH,B,0,54,70
123,351,121,late,No,EBH,H,100,12,0
192,350,161,late,No,EBH,E,88,85,76
192,350,161,late,No,EBH,B,27,34,41
192,350,161,late,No,EBH,H,100,100,90
204,294,109,late,No,HBE,H,0,23,1
204,294,109,late,No,HBE,B,0,65,62
204,294,109,late,No,HBE,E,69,46,0
223,296,97,late,No,BHE,B,0,68,90
223,296,97,late,No,BHE,H,100,29,0
223,296,97,late,No,BHE,E,27,66,67
247,325,125,late,No,EBH,E,100,53,9
247,325,125,late,No,EBH,B,0,77,82
247,325,125,late,No,EBH,H,100,1,4
313,230,205,late,No,EHB,E,0,50,48
313,230,205,late,No,EHB,H,100,50,0
313,230,205,late,No,EHB,B,0,50,50
3,68,254,late,Every,FBH,F,27,0,26
3,68,254,late,Every,FBH,B,11,0,14
3,68,254,late,Every,FBH,H,100,0,15
5,180,65,late,Every,BFH,B,0,58,4
5,180,65,late,Every,BFH,F,23,17,69
5,180,65,late,Every,BFH,H,100,4,100
56,221,53,late,Every,FBH,F,60,53,60
56,221,53,late,Every,FBH,B,58,46,58
56,221,53,late,Every,FBH,H,61,46,61
181,372,97,late,Every,HFB,H,98,16,95
181,372,97,late,Every,HFB,F,89,50,86
181,372,97,late,Every,HFB,B,1,75,47
202,143,153,late,Every,BHF,B,0,42,25
202,143,153,late,Every,BHF,H,100,33,100
202,143,153,late,Every,BHF,F,56,40,100
237,91,64,late,Every,HBF,H,100,0,54
237,91,64,late,Every,HBF,B,0,0,0
237,91,64,late,Every,HBF,F,100,100,100
284,216,98,late,Every,FHB,F,73,70,32
284,216,98,late,Every,FHB,H,100,88,30
284,216,98,late,Every,FHB,B,0,10,95
364,218,147,late,Every,HBF,H,100,87,100
364,218,147,late,Every,HBF,B,0,14,6
364,218,147,late,Every,HBF,F,0,18,50
9,154,95,late,No,FHB,F,100,0,0
9,154,95,late,No,FHB,H,100,0,0
9,154,95,late,No,FHB,B,0,100,100
74,361,529,late,No,FBH,F,100,0,0
74,361,529,late,No,FBH,B,0,0,79
74,361,529,late,No,FBH,H,100,0,0
90,150,153,late,No,BHF,B,0,52,90
90,150,153,late,No,BHF,H,100,50,9
90,150,153,late,No,BHF,F,100,50,17
143,234,125,late,No,FBH,F,65,50,0
143,234,125,late,No,FBH,B,0,76,50
143,234,125,late,No,FBH,H,100,27,0
151,276,146,late,No,HBF,H,100,0,0
151,276,146,late,No,HBF,B,0,50,50
151,276,146,late,No,HBF,F,100,0,0
191,416,170,late,No,FHB,F,96,8,0
191,416,170,late,No,FHB,H,98,9,1
191,416,170,late,No,FHB,B,96,73,94
257,174,58,late,No,HFB,H,82,16,2
257,174,58,late,No,HFB,F,50,30,10
257,174,58,late,No,HFB,B,0,70,72
306,41,155,late,No,FHB,F,100,10,0
306,41,155,late,No,FHB,H,100,10,0
306,41,155,late,No,FHB,B,0,9,28
337,205,129,late,No,HBF,H,100,6,4
337,205,129,late,No,HBF,B,4,30,68
337,205,129,late,No,HBF,F,80,17,5
20,257,796,spicy,Every,DHB,D,64,58,91
20,257,796,spicy,Every,DHB,H,100,62,100
20,257,796,spicy,Every,DHB,B,0,66,37
70,255,75,spicy,Every,HDB,H,100,26,100
70,255,75,spicy,Every,HDB,D,60,57,89
70,255,75,spicy,Every,HDB,B,1,75,50
130,271,143,spicy,Every,DHB,D,8,30,13
130,271,143,spicy,Every,DHB,H,100,0,100
130,271,143,spicy,Every,DHB,B,0,70,0
187,270,73,spicy,Every,DBH,D,50,50,100
187,270,73,spicy,Every,DBH,B,4,58,0
187,270,73,spicy,Every,DBH,H,100,9,100
211,287,76,spicy,Every,BHD,B,0,80,9
211,287,76,spicy,Every,BHD,H,100,79,50
211,287,76,spicy,Every,BHD,D,50,30,100
246,264,93,spicy,Every,DHB,D,14,16,60
246,264,93,spicy,Every,DHB,H,100,10,100
246,264,93,spicy,Every,DHB,B,0,8,4
279,214,192,spicy,Every,DBH,D,13,18,85
279,214,192,spicy,Every,DBH,B,0,7,0
279,214,192,spicy,Every,DBH,H,100,80,94
297,179,70,spicy,Every,BHD,B,0,28,0
297,179,70,spicy,Every,BHD,H,100,62,97
297,179,70,spicy,Every,BHD,D,13,33,65
341,384,56,spicy,Every,DBH,D,30,62,61
341,384,56,spicy,Every,DBH,B,0,34,30
341,384,56,spicy,Every,DBH,H,100,72,100
75,67,326,spicy,No,BDH,B,12,75,92
75,67,326,spicy,No,BDH,D,20,23,50
75,67,326,spicy,No,BDH,H,92,10,8
82,248,76,spicy,No,BHD,B,0,76,68
82,248,76,spicy,No,BHD,H,100,33,0
82,248,76,spicy,No,BHD,D,73,43,0
95,223,119,spicy,No,DHB,D,18,37,0
95,223,119,spicy,No,DHB,H,100,88,0
95,223,119,spicy,No,DHB,B,0,39,51
125,235,107,spicy,No,BDH,B,0,100,0
125,235,107,spicy,No,BDH,D,0,100,0
125,235,107,spicy,No,BDH,H,100,100,0
155,237,589,spicy,No,BDH,B,0,30,33
155,237,589,spicy,No,BDH,D,50,59,65
155,237,589,spicy,No,BDH,H,100,88,83
261,217,58,spicy,No,BDH,B,0,54,60
261,217,58,spicy,No,BDH,D,50,33,26
261,217,58,spicy,No,BDH,H,100,29,4
272,16,111,spicy,No,DHB,D,13,22,1
272,16,111,spicy,No,DHB,H,100,100,6
272,16,111,spicy,No,DHB,B,0,0,86
335,112,223,spicy,No,HBD,H,100,6,1
335,112,223,spicy,No,HBD,B,0,62,71
335,112,223,spicy,No,HBD,D,13,62,68
356,139,121,spicy,No,BDH,B,0,66,50
356,139,121,spicy,No,BDH,D,18,50,18
356,139,121,spicy,No,BDH,H,100,23,0
113,332,365,spicy,Every,BHE,B,0,16,100
113,332,365,spicy,Every,BHE,H,79,73,100
113,332,365,spicy,Every,BHE,E,100,98,100
126,23,80,spicy,Every,EBH,E,66,61,73
126,23,80,spicy,Every,EBH,B,0,54,1
126,23,80,spicy,Every,EBH,H,100,17,99
131,304,85,spicy,Every,EHB,E,64,29,100
131,304,85,spicy,Every,EHB,H,100,0,100
131,304,85,spicy,Every,EHB,B,0,79,0
148,233,340,spicy,Every,EBH,E,66,65,96
148,233,340,spicy,Every,EBH,B,0,39,41
148,233,340,spicy,Every,EBH,H,100,76,100
289,409,190,spicy,Every,HEB,H,60,62,99
289,409,190,spicy,Every,HEB,E,20,64,98
289,409,190,spicy,Every,HEB,B,0,66,3
294,106,79,spicy,Every,EBH,E,60,64,100
294,106,79,spicy,Every,EBH,B,0,68,17
294,106,79,spicy,Every,EBH,H,100,74,100
295,307,73,spicy,Every,BEH,B,2,50,31
295,307,73,spicy,Every,BEH,E,77,50,95
295,307,73,spicy,Every,BEH,H,100,50,94
301,338,102,spicy,Every,BEH,B,0,50,13
301,338,102,spicy,Every,BEH,E,27,50,89
301,338,102,spicy,Every,BEH,H,100,50,100
349,373,50,spicy,Every,HBE,H,95,76,50
349,373,50,spicy,Every,HBE,B,87,90,50
349,373,50,spicy,Every,HBE,E,95,68,50
48,85,60,spicy,No,HEB,H,100,30,4
48,85,60,spicy,No,HEB,E,74,43,10
48,85,60,spicy,No,HEB,B,0,56,57
49,302,431,spicy,No,BHE,B,0,82,100
49,302,431,spicy,No,BHE,H,100,25,0
49,302,431,spicy,No,BHE,E,50,26,0
168,90,204,spicy,No,EBH,E,50,50,0
168,90,204,spicy,No,EBH,B,0,0,2
168,90,204,spicy,No,EBH,H,100,100,0
180,103,246,spicy,No,EBH,E,58,34,50
180,103,246,spicy,No,EBH,B,0,50,1
180,103,246,spicy,No,EBH,H,100,64,0
214,182,101,spicy,No,BHE,B,8,1,72
214,182,101,spicy,No,BHE,H,99,100,1
214,182,101,spicy,No,BHE,E,59,74,30
228,88,110,spicy,No,HBE,H,100,84,0
228,88,110,spicy,No,HBE,B,0,26,98
228,88,110,spicy,No,HBE,E,63,63,25
233,46,282,spicy,No,EHB,E,53,79,53
233,46,282,spicy,No,EHB,H,100,49,6
233,46,282,spicy,No,EHB,B,6,20,100
245,369,316,spicy,No,EHB,E,51,68,70
245,369,316,spicy,No,EHB,H,100,50,50
245,369,316,spicy,No,EHB,B,0,61,50
304,356,78,spicy,No,BEH,B,0,24,100
304,356,78,spicy,No,BEH,E,47,38,0
304,356,78,spicy,No,BEH,H,100,64,0
138,149,84,profitable,Every,BHD,B,0,30,13
138,149,84,profitable,Every,BHD,H,100,73,90
138,149,84,profitable,Every,BHD,D,100,50,80
184,131,73,profitable,Every,BDH,B,0,39,48
184,131,73,profitable,Every,BDH,D,82,59,100
184,131,73,profitable,Every,BDH,H,100,57,100
195,269,110,profitable,Every,HBD,H,100,26,65
195,269,110,profitable,Every,HBD,B,0,2,3
195,269,110,profitable,Every,HBD,D,62,84,100
198,387,804,profitable,Every,NA,NA,63,83,72
198,387,804,profitable,Every,NA,NA,64,79,76
198,387,804,profitable,Every,NA,NA,83,81,73
281,35,56,profitable,Every,BDH,B,0,83,0
281,35,56,profitable,Every,BDH,D,50,25,100
281,35,56,profitable,Every,BDH,H,100,10,100
285,44,126,profitable,Every,BHD,B,2,29,1
285,44,126,profitable,Every,BHD,H,100,73,100
285,44,126,profitable,Every,BHD,D,85,50,100
338,404,66,profitable,Every,HDB,H,87,20,50
338,404,66,profitable,Every,HDB,D,44,21,50
338,404,66,profitable,Every,HDB,B,0,22,0
358,273,136,profitable,Every,HDB,H,100,60,100
358,273,136,profitable,Every,HDB,D,80,43,100
358,273,136,profitable,Every,HDB,B,21,22,0
381,281,88,profitable,Every,DHB,D,65,62,91
381,281,88,profitable,Every,DHB,H,94,63,100
381,281,88,profitable,Every,DHB,B,14,32,38
62,171,127,profitable,No,HBD,H,98,10,2
62,171,127,profitable,No,HBD,B,27,29,73
62,171,127,profitable,No,HBD,D,61,31,26
78,159,77,profitable,No,DBH,D,67,27,27
78,159,77,profitable,No,DBH,B,0,44,76
78,159,77,profitable,No,DBH,H,100,67,0
220,79,56,profitable,No,DHB,D,77,65,62
220,79,56,profitable,No,DHB,H,100,38,32
220,79,56,profitable,No,DHB,B,18,56,50
236,357,84,profitable,No,DBH,D,69,62,37
236,357,84,profitable,No,DBH,B,0,31,89
236,357,84,profitable,No,DBH,H,97,9,5
239,250,185,profitable,No,DBH,D,61,11,0
239,250,185,profitable,No,DBH,B,30,11,68
239,250,185,profitable,No,DBH,H,86,77,0
256,31,122,profitable,No,DHB,D,72,50,0
256,31,122,profitable,No,DHB,H,97,50,0
256,31,122,profitable,No,DHB,B,0,28,37
296,193,291,profitable,No,BDH,B,7,95,98
296,193,291,profitable,No,BDH,D,93,7,11
296,193,291,profitable,No,BDH,H,100,0,7
331,309,52,profitable,No,DBH,D,77,74,0
331,309,52,profitable,No,DBH,B,0,28,50
331,309,52,profitable,No,DBH,H,100,64,0
367,258,491,profitable,No,DHB,D,61,58,5
367,258,491,profitable,No,DHB,H,100,21,4
367,258,491,profitable,No,DHB,B,9,43,77
24,5,58,profitable,Every,HEB,H,100,74,84
24,5,58,profitable,Every,HEB,E,69,75,82
24,5,58,profitable,Every,HEB,B,0,33,15
66,317,52,profitable,Every,EHB,E,81,50,100
66,317,52,profitable,Every,EHB,H,100,50,100
66,317,52,profitable,Every,EHB,B,29,50,0
71,188,81,profitable,Every,BHE,B,0,21,0
71,188,81,profitable,Every,BHE,H,100,79,100
71,188,81,profitable,Every,BHE,E,63,50,100
166,210,105,profitable,Every,BEH,B,0,48,0
166,210,105,profitable,Every,BEH,E,62,45,100
166,210,105,profitable,Every,BEH,H,100,55,100
291,183,106,profitable,Every,BHE,B,0,0,13
291,183,106,profitable,Every,BHE,H,100,100,100
291,183,106,profitable,Every,BHE,E,71,71,71
293,266,452,profitable,Every,EBH,E,77,38,77
293,266,452,profitable,Every,EBH,B,8,32,5
293,266,452,profitable,Every,EBH,H,91,66,100
319,323,199,profitable,Every,EBH,E,100,82,84
319,323,199,profitable,Every,EBH,B,0,18,26
319,323,199,profitable,Every,EBH,H,100,91,93
324,228,69,profitable,Every,EHB,E,72,63,100
324,228,69,profitable,Every,EHB,H,100,46,100
324,228,69,profitable,Every,EHB,B,9,45,0
372,4,174,profitable,Every,EHB,E,63,57,79
372,4,174,profitable,Every,EHB,H,100,44,94
372,4,174,profitable,Every,EHB,B,13,49,62
36,36,256,profitable,No,HBE,H,95,57,17
36,36,256,profitable,No,HBE,B,9,30,96
36,36,256,profitable,No,HBE,E,67,50,21
102,29,118,profitable,No,BHE,B,0,50,0
102,29,118,profitable,No,BHE,H,100,50,86
102,29,118,profitable,No,BHE,E,100,50,79
157,121,501,profitable,No,EHB,E,72,52,0
157,121,501,profitable,No,EHB,H,100,100,0
157,121,501,profitable,No,EHB,B,0,50,100
197,392,183,profitable,No,BHE,B,7,39,34
197,392,183,profitable,No,BHE,H,96,90,87
197,392,183,profitable,No,BHE,E,100,85,77
254,148,29,profitable,No,HBE,H,62,64,65
254,148,29,profitable,No,HBE,B,75,73,81
254,148,29,profitable,No,HBE,E,83,79,78
290,129,782,profitable,No,BHE,B,19,17,67
290,129,782,profitable,No,BHE,H,89,54,0
290,129,782,profitable,No,BHE,E,60,47,0
349,105,254,profitable,No,HBE,H,94,73,50
349,105,254,profitable,No,HBE,B,78,82,50
349,105,254,profitable,No,HBE,E,96,82,50
368,127,33,profitable,No,BHE,B,86,91,37
368,127,33,profitable,No,BHE,H,77,71,74
368,127,33,profitable,No,BHE,E,90,91,31
380,340,147,profitable,No,EBH,E,81,50,50
380,340,147,profitable,No,EBH,B,0,50,3
380,340,147,profitable,No,EBH,H,100,50,50
42,187,115,safe,Every,HBD,H,0,100,0
42,187,115,safe,Every,HBD,B,100,0,100
42,187,115,safe,Every,HBD,D,64,32,77
67,348,118,safe,Every,HDB,H,14,43,24
67,348,118,safe,Every,HDB,D,45,50,43
67,348,118,safe,Every,HDB,B,72,63,71
103,355,80,safe,Every,HBD,H,0,22,0
103,355,80,safe,Every,HBD,B,83,63,82
103,355,80,safe,Every,HBD,D,56,43,45
189,177,394,safe,Every,DBH,D,25,50,50
189,177,394,safe,Every,DBH,B,72,50,98
189,177,394,safe,Every,DBH,H,1,50,50
222,166,93,safe,Every,BDH,B,78,58,73
222,166,93,safe,Every,BDH,D,52,40,52
222,166,93,safe,Every,BDH,H,28,15,14
238,314,82,safe,Every,DHB,D,46,45,66
238,314,82,safe,Every,DHB,H,0,43,0
238,314,82,safe,Every,DHB,B,66,45,89
248,330,259,safe,Every,DBH,D,85,70,62
248,330,259,safe,Every,DBH,B,100,84,75
248,330,259,safe,Every,DBH,H,0,21,5
266,155,133,safe,Every,BHD,B,59,38,86
266,155,133,safe,Every,BHD,H,3,29,14
266,155,133,safe,Every,BHD,D,61,36,67
378,134,528,safe,Every,DBH,D,76,50,85
378,134,528,safe,Every,DBH,B,92,79,99
378,134,528,safe,Every,DBH,H,1,25,1
13,201,375,safe,No,BHD,B,79,50,64
13,201,375,safe,No,BHD,H,1,49,13
13,201,375,safe,No,BHD,D,55,48,40
35,116,193,safe,No,BDH,B,87,51,0
35,116,193,safe,No,BDH,D,42,52,43
35,116,193,safe,No,BDH,H,0,52,100
47,2,68,safe,No,HDB,H,9,50,58
47,2,68,safe,No,HDB,D,43,50,25
47,2,68,safe,No,HDB,B,73,50,31
127,161,156,safe,No,HBD,H,1,14,92
127,161,156,safe,No,HBD,B,88,75,16
127,161,156,safe,No,HBD,D,72,62,28
134,25,106,safe,No,DHB,D,65,39,30
134,25,106,safe,No,DHB,H,6,82,90
134,25,106,safe,No,DHB,B,89,11,17
182,393,337,safe,No,DHB,D,0,87,85
182,393,337,safe,No,DHB,H,3,100,100
182,393,337,safe,No,DHB,B,67,49,42
196,297,80,safe,No,BHD,B,74,68,69
196,297,80,safe,No,BHD,H,67,61,64
196,297,80,safe,No,BHD,D,64,50,64
231,80,142,safe,No,HBD,H,1,86,91
231,80,142,safe,No,HBD,B,88,10,8
231,80,142,safe,No,HBD,D,67,37,28
283,366,96,safe,No,DBH,D,78,63,37
283,366,96,safe,No,DBH,B,87,80,18
283,366,96,safe,No,DBH,H,4,17,91
57,39,94,safe,Every,HBE,H,0,79,71
57,39,94,safe,Every,HBE,B,100,19,29
57,39,94,safe,Every,HBE,E,65,63,71
87,48,220,safe,Every,BHE,B,74,80,100
87,48,220,safe,Every,BHE,H,11,14,11
87,48,220,safe,Every,BHE,E,40,48,42
104,144,488,safe,Every,BEH,B,16,79,100
104,144,488,safe,Every,BEH,E,65,65,63
104,144,488,safe,Every,BEH,H,100,16,0
132,249,91,safe,Every,HEB,H,0,92,0
132,249,91,safe,Every,HEB,E,21,82,5
132,249,91,safe,Every,HEB,B,41,60,10
218,184,91,safe,Every,HBE,H,0,0,0
218,184,91,safe,Every,HBE,B,40,15,30
218,184,91,safe,Every,HBE,E,21,25,11
232,337,465,safe,Every,EHB,E,37,55,51
232,337,465,safe,Every,EHB,H,89,88,81
232,337,465,safe,Every,EHB,B,12,10,16
249,298,1085,safe,Every,EBH,E,31,24,23
249,298,1085,safe,Every,EBH,B,64,71,64
249,298,1085,safe,Every,EBH,H,4,1,2
328,50,91,safe,Every,HBE,H,0,50,8
328,50,91,safe,Every,HBE,B,20,50,82
328,50,91,safe,Every,HBE,E,12,50,70
363,370,244,safe,Every,BHE,B,100,82,100
363,370,244,safe,Every,BHE,H,0,18,2
363,370,244,safe,Every,BHE,E,33,54,64
52,261,202,safe,No,HEB,H,0,100,100
52,261,202,safe,No,HEB,E,65,31,37
52,261,202,safe,No,HEB,B,100,0,0
54,320,268,safe,No,HBE,H,4,26,84
54,320,268,safe,No,HBE,B,68,70,32
54,320,268,safe,No,HBE,E,38,43,58
92,62,53,safe,No,HEB,H,51,78,83
92,62,53,safe,No,HEB,E,98,91,83
92,62,53,safe,No,HEB,B,1,30,71
120,377,305,safe,No,BHE,B,100,50,0
120,377,305,safe,No,BHE,H,0,50,100
120,377,305,safe,No,BHE,E,43,50,45
146,256,211,safe,No,BEH,B,67,50,24
146,256,211,safe,No,BEH,E,50,51,46
146,256,211,safe,No,BEH,H,0,50,71
216,236,99,safe,No,EHB,E,1,85,95
216,236,99,safe,No,EHB,H,3,96,99
216,236,99,safe,No,EHB,B,29,94,11
316,322,23,safe,No,HBE,H,83,34,69
316,322,23,safe,No,HBE,B,72,51,7
316,322,23,safe,No,HBE,E,64,46,60
348,24,136,safe,No,EBH,E,59,61,42
348,24,136,safe,No,EBH,B,83,81,19
348,24,136,safe,No,EBH,H,0,0,100
349,215,269,safe,No,HBE,H,89,76,50
349,215,269,safe,No,HBE,B,86,87,50
349,215,269,safe,No,HBE,E,53,87,50
58,378,82,complete,Every,EBH,E,0,50,50
58,378,82,complete,Every,EBH,B,0,50,70
58,378,82,complete,Every,EBH,H,100,50,100
75,375,322,complete,Every,BHE,B,21,31,13
75,375,322,complete,Every,BHE,H,100,79,93
75,375,322,complete,Every,BHE,E,86,68,85
81,367,214,complete,Every,HBE,H,100,61,100
81,367,214,complete,Every,HBE,B,29,43,36
81,367,214,complete,Every,HBE,E,76,60,85
150,394,54,complete,Every,HEB,H,100,79,100
150,394,54,complete,Every,HEB,E,85,63,0
150,394,54,complete,Every,HEB,B,23,38,0
194,208,50,complete,Every,BHE,B,24,18,16
194,208,50,complete,Every,BHE,H,100,100,85
194,208,50,complete,Every,BHE,E,81,81,78
208,147,101,complete,Every,EHB,E,26,100,70
208,147,101,complete,Every,EHB,H,100,98,100
208,147,101,complete,Every,EHB,B,0,100,30
225,209,149,complete,Every,HBE,H,97,31,99
225,209,149,complete,Every,HBE,B,27,35,21
225,209,149,complete,Every,HBE,E,79,44,67
230,195,65,complete,Every,HEB,H,100,100,91
230,195,65,complete,Every,HEB,E,83,76,54
230,195,65,complete,Every,HEB,B,17,16,58
345,327,641,complete,Every,BEH,B,22,28,32
345,327,641,complete,Every,BEH,E,77,83,67
345,327,641,complete,Every,BEH,H,98,98,98
31,8,312,complete,No,HBE,H,99,100,27
31,8,312,complete,No,HBE,B,31,26,26
31,8,312,complete,No,HBE,E,74,74,77
109,265,117,complete,No,EBH,E,64,73,65
109,265,117,complete,No,EBH,B,39,28,36
109,265,117,complete,No,EBH,H,89,64,64
117,181,139,complete,No,HEB,H,100,48,0
117,181,139,complete,No,HEB,E,80,57,34
117,181,139,complete,No,HEB,B,27,72,51
160,203,98,complete,No,EBH,E,85,65,0
160,203,98,complete,No,EBH,B,7,66,0
160,203,98,complete,No,EBH,H,100,70,0
169,1,92,complete,No,BHE,B,1,67,62
169,1,92,complete,No,BHE,H,100,69,4
169,1,92,complete,No,BHE,E,14,73,73
186,96,232,complete,No,HEB,H,100,100,0
186,96,232,complete,No,HEB,E,45,91,83
186,96,232,complete,No,HEB,B,0,58,54
201,242,76,complete,No,BHE,B,0,0,10
201,242,76,complete,No,BHE,H,100,100,0
201,242,76,complete,No,BHE,E,82,51,54
349,186,221,complete,No,HBE,H,92,77,88
349,186,221,complete,No,HBE,B,91,90,91
349,186,221,complete,No,HBE,E,93,94,50
32,238,168,complete,Every,FBH,F,87,68,32
32,238,168,complete,Every,FBH,B,24,10,7
32,238,168,complete,Every,FBH,H,100,62,100
51,212,449,complete,Every,FBH,F,78,75,92
51,212,449,complete,Every,FBH,B,80,71,71
51,212,449,complete,Every,FBH,H,75,64,38
116,220,96,complete,Every,BHF,B,14,64,17
116,220,96,complete,Every,BHF,H,100,31,100
116,220,96,complete,Every,BHF,F,96,60,100
167,349,109,complete,Every,FHB,F,70,27,68
167,349,109,complete,Every,FHB,H,96,73,17
167,349,109,complete,Every,FHB,B,76,22,24
219,385,84,complete,Every,HFB,H,100,40,100
219,385,84,complete,Every,HFB,F,21,39,41
219,385,84,complete,Every,HFB,B,4,40,41
373,7,269,complete,Every,FBH,F,90,44,85
373,7,269,complete,Every,FBH,B,15,78,19
373,7,269,complete,Every,FBH,H,100,25,100
379,27,123,complete,Every,FBH,F,85,50,76
379,27,123,complete,Every,FBH,B,7,50,13
379,27,123,complete,Every,FBH,H,100,50,100
106,75,416,complete,No,BHF,B,0,27,29
106,75,416,complete,No,BHF,H,100,28,0
106,75,416,complete,No,BHF,F,0,29,31
140,10,36,complete,No,HFB,H,100,29,0
140,10,36,complete,No,HFB,F,95,29,0
140,10,36,complete,No,HFB,B,18,23,0
161,137,71,complete,No,FBH,F,92,90,82
161,137,71,complete,No,FBH,B,13,9,10
161,137,71,complete,No,FBH,H,100,100,0
260,254,40,complete,No,FHB,F,85,72,83
260,254,40,complete,No,FHB,H,100,100,98
260,254,40,complete,No,FHB,B,10,16,21
305,53,58,complete,No,BFH,B,0,89,8
305,53,58,complete,No,BFH,F,100,0,100
305,53,58,complete,No,BFH,H,100,0,98
330,81,472,complete,No,HBF,H,100,14,6
330,81,472,complete,No,HBF,B,15,82,75
330,81,472,complete,No,HBF,F,85,33,32
351,71,145,complete,No,FBH,F,88,50,48
351,71,145,complete,No,FBH,B,21,50,50
351,71,145,complete,No,FBH,H,100,50,5
375,66,242,complete,No,FHB,F,78,76,61
375,66,242,complete,No,FHB,H,85,97,81
375,66,242,complete,No,FHB,B,23,95,88
144,21,80,full,Every,HCB,H,0,50,49
144,21,80,full,Every,HCB,C,89,50,81
144,21,80,full,Every,HCB,B,100,50,100
154,19,93,full,Every,BCH,B,100,100,100
154,19,93,full,Every,BCH,C,100,100,100
154,19,93,full,Every,BCH,H,32,74,68
179,354,330,full,Every,CHB,C,14,76,89
179,354,330,full,Every,CHB,H,0,75,80
179,354,330,full,Every,CHB,B,100,57,100
241,247,310,full,Every,CBH,C,86,86,95
241,247,310,full,Every,CBH,B,100,95,97
241,247,310,full,Every,CBH,H,11,15,9
288,191,323,full,Every,BHC,B,97,50,99
288,191,323,full,Every,BHC,H,11,50,50
288,191,323,full,Every,BHC,C,91,50,91
310,167,349,full,Every,BHC,B,100,100,100
310,167,349,full,Every,BHC,H,0,23,0
310,167,349,full,Every,BHC,C,0,88,90
333,30,136,full,Every,BCH,B,100,76,100
333,30,136,full,Every,BCH,C,28,33,19
333,30,136,full,Every,BCH,H,7,15,6
343,200,90,full,Every,HBC,H,21,11,0
343,200,90,full,Every,HBC,B,100,100,100
343,200,90,full,Every,HBC,C,91,100,100
352,111,193,full,Every,BHC,B,99,31,100
352,111,193,full,Every,BHC,H,3,60,28
352,111,193,full,Every,BHC,C,58,39,92
10,135,232,full,No,BHC,B,100,100,100
10,135,232,full,No,BHC,H,0,7,8
10,135,232,full,No,BHC,C,91,91,95
84,47,71,full,No,HBC,H,4,16,81
84,47,71,full,No,HBC,B,97,98,1
84,47,71,full,No,HBC,C,95,84,65
89,363,108,full,No,BHC,B,100,50,1
89,363,108,full,No,BHC,H,0,50,50
89,363,108,full,No,BHC,C,93,50,8
105,162,134,full,No,CHB,C,90,95,82
105,162,134,full,No,CHB,H,17,26,9
105,162,134,full,No,CHB,B,100,100,3
159,326,192,full,No,BHC,B,100,86,0
159,326,192,full,No,BHC,H,0,9,100
159,326,192,full,No,BHC,C,90,69,8
161,389,69,full,No,BCH,B,100,92,0
161,389,69,full,No,BCH,C,93,90,5
161,389,69,full,No,BCH,H,17,25,21
205,164,103,full,No,BHC,B,100,100,4
205,164,103,full,No,BHC,H,0,2,100
205,164,103,full,No,BHC,C,100,89,6
350,262,495,full,No,BHC,B,100,27,0
350,262,495,full,No,BHC,H,0,50,74
350,262,495,full,No,BHC,C,79,33,0
354,98,69,full,No,HBC,H,4,24,70
354,98,69,full,No,HBC,B,98,85,0
354,98,69,full,No,HBC,C,92,80,17
72,352,362,full,Every,DBH,D,28,50,76
72,352,362,full,Every,DBH,B,78,50,29
72,352,362,full,Every,DBH,H,25,50,85
75,390,322,full,Every,HDB,H,21,88,11
75,390,322,full,Every,HDB,D,70,72,64
75,390,322,full,Every,HDB,B,100,32,93
97,342,60,full,Every,HDB,H,85,50,72
97,342,60,full,Every,HDB,D,67,21,31
97,342,60,full,Every,HDB,B,73,73,35
139,117,66,full,Every,HBD,H,100,100,100
139,117,66,full,Every,HBD,B,0,0,0
139,117,66,full,Every,HBD,D,20,0,0
190,102,73,full,Every,BHD,B,100,92,100
190,102,73,full,Every,BHD,H,0,68,40
190,102,73,full,Every,BHD,D,32,80,72
217,318,604,full,Every,DHB,D,100,50,79
217,318,604,full,Every,DHB,H,7,50,0
217,318,604,full,Every,DHB,B,100,50,100
267,224,100,full,Every,BDH,B,100,87,100
267,224,100,full,Every,BDH,D,73,70,83
267,224,100,full,Every,BDH,H,16,39,24
320,335,519,full,Every,BHD,B,0,0,50
320,335,519,full,Every,BHD,H,100,91,50
320,335,519,full,Every,BHD,D,23,27,50
349,120,147,full,Every,DBH,D,95,86,83
349,120,147,full,Every,DBH,B,68,83,74
349,120,147,full,Every,DBH,H,96,94,50
18,58,119,full,No,DBH,D,88,79,27
18,58,119,full,No,DBH,B,100,85,0
18,58,119,full,No,DBH,H,0,29,71
23,34,154,full,No,HDB,H,23,17,18
23,34,154,full,No,HDB,D,85,86,89
23,34,154,full,No,HDB,B,100,100,25
43,157,100,full,No,HBD,H,8,70,76
43,157,100,full,No,HBD,B,100,89,0
43,157,100,full,No,HBD,D,86,88,11
44,196,59,full,No,DHB,D,86,87,24
44,196,59,full,No,DHB,H,17,14,70
44,196,59,full,No,DHB,B,100,86,18
108,283,260,full,No,DHB,D,0,97,93
108,283,260,full,No,DHB,H,0,100,100
108,283,260,full,No,DHB,B,100,0,0
118,211,549,full,No,DHB,D,52,40,78
118,211,549,full,No,DHB,H,0,28,39
118,211,549,full,No,DHB,B,100,71,43
292,69,95,full,No,DHB,D,98,49,50
292,69,95,full,No,DHB,H,9,48,3
292,69,95,full,No,DHB,B,100,48,100
300,290,126,full,No,BDH,B,100,86,5
300,290,126,full,No,BDH,D,2,14,63
300,290,126,full,No,BDH,H,3,18,89
